frase,situacao
"sinto dor no peito e falta de ar",alto risco
"estou com um aperto forte no peito que vai para o braço esquerdo",alto risco
"acordei com dor no peito, suor frio e enjoo",alto risco
"tenho uma pressão no peito que não passa há uma hora",alto risco
"a dor no peito começou de repente e estou suando muito",alto risco
"sinto falta de ar mesmo parado e meus lábios estão arroxeados",alto risco
"desmaiei de repente enquanto subia a escada",alto risco
"meu coração disparou do nada e fiquei com a visão escura",alto risco
"estou com falta de ar súbita e dor ao respirar",alto risco
"minha boca ficou torta e não consigo levantar o braço",alto risco
"de repente fiquei com a fala enrolada e fraqueza em um lado do corpo",alto risco
"sinto uma dor muito forte no peito que irradia para as costas",alto risco
"tenho dor no peito e na mandíbula com muita náusea",alto risco
"estou com palpitações fortes, tontura e quase desmaiei",alto risco
"não consigo respirar deitado e acordo sufocado à noite",alto risco
"tossi sangue e estou com muita falta de ar",alto risco
"minha perna inchou de um dia para o outro e agora sinto falta de ar",alto risco
"a dor no peito piora a cada minuto e estou pálido e suado",alto risco
"perdi a visão de um olho de repente",alto risco
"estou com dor de cabeça explosiva e a pressão está em 22 por 12",alto risco
"sinto o coração batendo muito rápido e irregular há horas com falta de ar",alto risco
"tive um desmaio e acordei com dor no peito",alto risco
"estou com aperto no tórax e formigamento no braço esquerdo",alto risco
"sinto queimação forte no peito ao andar poucos passos e precisei parar",alto risco
"fiquei confuso de repente e com metade do rosto dormente",alto risco
"meus pés e pernas incharam muito e fico sem ar ao falar",alto risco
"tenho falta de ar intensa e chiado desde a madrugada",alto risco
"senti uma dor rasgando no peito e nas costas de repente",alto risco
"estou com dor no peito há trinta minutos e ela não melhora com repouso",alto risco
"meu pai teve infarto e agora eu sinto aperto no peito com suor frio",alto risco
"o coração está falhando e sinto que vou desmaiar",alto risco
"estou suando frio, enjoado e com um peso enorme no peito",alto risco
"tenho febre alta, calafrios e falta de ar depois de uma cirurgia no coração",alto risco
"a falta de ar piorou muito hoje e não consigo terminar uma frase",alto risco
"sinto dor forte no peito ao respirar fundo e meu coração está acelerado",alto risco
"de repente não consegui falar direito e meu braço ficou fraco",alto risco
"estou com tontura intensa, visão dupla e dificuldade para andar",alto risco
"senti o peito apertar durante o esforço e a dor foi para o pescoço",alto risco
"meu pé ficou frio, pálido e muito dolorido de uma hora para outra",alto risco
"acordei sem ar, com tosse espumosa e muito cansaço",alto risco
"tenho dor no estômago alto com suor frio e falta de ar e sou diabético",alto risco
"o marca-passo deu choque várias vezes e estou tonto",alto risco
"estou com o coração a 180 batimentos em repouso",alto risco
"sinto um cansaço extremo, falta de ar e inchaço que pioraram em dois dias",alto risco
"desmaiei duas vezes hoje e sinto o peito apertado",alto risco
"a pressão subiu muito e estou com dor no peito e vista turva",alto risco
"tenho dor no peito que aparece em repouso e me acorda à noite",alto risco
"estou com muita falta de ar e a boca roxa",alto risco
"senti uma dor súbita no peito depois de usar um estimulante",alto risco
"minha mão e meu rosto ficaram dormentes de repente e estou confuso",alto risco
"tive um leve incômodo nas costas",baixo risco
"estou com dor muscular no ombro depois da academia",baixo risco
"sinto um pouco de cansaço no fim do dia de trabalho",baixo risco
"tive uma dor de cabeça leve que passou com água",baixo risco
"minhas pernas ficam cansadas depois de caminhar muito",baixo risco
"estou com o nariz entupido e um pouco de tosse",baixo risco
"senti uma fisgada rápida nas costas ao me abaixar",baixo risco
"tenho dormido mal e acordo um pouco cansado",baixo risco
"fiquei com dor no pescoço por dormir de mau jeito",baixo risco
"sinto os pés um pouco inchados depois de ficar muito tempo em pé",baixo risco
"tive azia depois de comer comida gordurosa",baixo risco
"estou com dor leve no joelho ao subir escada",baixo risco
"senti o coração bater mais rápido depois de tomar café e logo passou",baixo risco
"fiquei um pouco tonto ao levantar rápido e passou em segundos",baixo risco
"tenho uma dor muscular no peito que dói só quando aperto o local",baixo risco
"estou com dor de garganta leve desde ontem",baixo risco
"sinto um pouco de falta de fôlego só quando corro",baixo risco
"minha pressão estava 12 por 8 na consulta de rotina",baixo risco
"tive câimbra na panturrilha depois do futebol",baixo risco
"estou com um resfriado leve e sem febre",baixo risco
"senti um desconforto no estômago depois do almoço",baixo risco
"tenho dor nas costas quando fico muito tempo sentado",baixo risco
"fiquei ansioso antes da prova e senti o coração acelerar um pouco",baixo risco
"estou com dor de cabeça leve por causa do sol",baixo risco
"sinto um leve formigamento na mão depois de dormir em cima do braço",baixo risco
"quero apenas renovar minha receita e não sinto nada",baixo risco
"vim para um check-up e estou me sentindo bem",baixo risco
"tenho um pouco de sono durante a tarde",baixo risco
"estou com dor no braço direito depois de carregar peso",baixo risco
"senti um leve enjoo no ônibus e já melhorei",baixo risco
"minha tosse seca melhorou bastante nesta semana",baixo risco
"sinto os olhos cansados depois de usar o computador",baixo risco
"tive uma pequena dor nas costelas depois de tossir muito",baixo risco
"estou com dor leve no tornozelo depois de torcer o pé",baixo risco
"tenho cansaço leve quando durmo poucas horas",baixo risco
"sinto um pouco de dor de estômago quando fico sem comer",baixo risco
"não tenho dor no peito, só vim medir a pressão",baixo risco
"não sinto falta de ar, apenas um pouco de coriza",baixo risco
"estou sem dor e sem falta de ar depois do tratamento",baixo risco
"tive um pouco de dor nas pernas depois da caminhada longa",baixo risco
"sinto leve rigidez no pescoço ao acordar",baixo risco
"estou com um pequeno hematoma no braço depois de uma batida",baixo risco
"fico um pouco ofegante ao subir muitos lances de escada e logo recupero",baixo risco
"tenho uma dor leve no ombro que melhora com alongamento",baixo risco
"senti uma palpitação isolada ontem e não voltou mais",baixo risco
"estou com alergia e espirrando bastante",baixo risco
"minha dor nas costas melhorou com o repouso",baixo risco
"sinto um pouco de inchaço nas mãos nos dias quentes",baixo risco
"tive dor de cabeça leve depois de pular uma refeição",baixo risco
"estou bem, só com um pouco de dor muscular nas pernas",baixo risco
